id	rate
1001	0.7392168051835829
1003	0.2976501929666081
1005	0.14011439835458195
1007	0.29662652770670805
1009	0.36331607809274
1011	0.719146797732048
1013	0.49068062885237507
1015	0.12516487524125863
1017	0.22015770366856335
1019	0.9417674307862304
1021	0.5455030091975864
1023	0.6490639466906093
1025	0.13932091253817502
1027	0.33987794155972384
1029	0.4616372396980618
1031	0.6339599079879719
1033	0.29546683400764295
1035	0.17610658720261085
1037	0.7380453546481027
1039	0.8225473371724621
1041	0.12146933224240974
1043	0.24880434098435278
1045	0.029078543148442937
1047	0.38449677980340147
1049	0.5846513149432122
1051	0.8025574181391865
1053	0.7067253967916922
1055	0.5451180696951008
1057	0.25601787425196765
1059	0.46156012450780115
1061	0.3062571679373818
1063	0.4102382170298581
1065	0.47244549611006414
1067	0.15343770240118804
1069	0.3013373520987225
1071	0.44377249955615583
1073	0.23204771594703055
1075	0.7688748688198349
1077	0.3742201890318023
1079	0.36338874427560586
1081	0.8227857707076697
1083	0.3748321443426804
1085	0.20658395637220284
1087	0.34446693732052824
1089	0.989588247711723
1091	0.6118147648925572
1093	0.03694405125493616
1095	0.9137642577563814
1097	0.3274838931240226
1099	0.5127477689974721
1101	0.408047336944655
1103	0.3482723108040835
1105	0.9588305175184602
1107	0.13285631163740985
1109	0.727203749593471
1111	0.5801342655767372
1113	0.45642422701118246
1115	0.3645366709133063
1117	0.8001267478220956
1119	0.02756790375075202
1121	0.06931638795721518
1123	0.7645505828957575
1125	0.5975301549683364
1127	0.07630400798114068
1129	0.9238542037594026
1131	0.19440840998531794
1133	0.962797470125873
2013	0.4847656095619769
2016	0.21696152618697606
2020	0.977689379173264
2050	0.7012108668191852
2060	0.9834821414643847
2068	0.8382978199835913
2070	0.9372521886914841
2090	0.9918171267920783
2100	0.11543332757141056
2105	0.20721051544241187
2110	0.9147797178966638
2122	0.2629308988698459
2130	0.14340071006792166
2150	0.6429704717148552
2164	0.11128638902774712
2170	0.7211135964807176
2180	0.10007212239219443
2185	0.6228677232419718
2188	0.5318710585806631
2195	0.3933234229038788
2198	0.49111787600545553
2220	0.012767574928542968
2230	0.1316339534402723
2240	0.4402907951977535
2261	0.6773316998192108
2270	0.18077232614159067
2275	0.10302604352515976
2282	0.23884242213351148
2290	0.001048551455442026
4001	0.9399640858531059
4003	0.4339137108769291
4005	0.9434740114633183
4007	0.5633557007828807
4009	0.8969831980623391
4011	0.5366726242305049
4012	0.229486865769723
4013	0.13608664376874957
4015	0.07468733363434965
4017	0.8277759257671982
4019	0.7824401113177831
4021	0.15196934076499446
4023	0.744920885000345
4025	0.1773524276260826
4027	0.4265673580775443
5001	0.06271346937961086
5003	0.5983085793520405
5005	0.94359282208798
5007	0.7853013425573505
5009	0.7174992511415833
5011	0.07949039856682205
5013	0.8660000209997147
5015	0.609248020941264
5017	0.24658324931490216
5019	0.6208890319225527
5021	0.5240842675782039
5023	0.023425666099784026
5025	0.9985452588960582
5027	0.967580240567945
5029	0.8798002704546349
5031	0.16607035729250696
5033	0.11558323399035508
5035	0.16721552552335506
5037	0.15462709398934893
5039	0.5378201191927637
5041	0.3286907456410033
5043	0.3248703762146228
5045	0.9627715997122308
5047	0.10874142094891981
5049	0.43656360785893145
5051	0.6150689900575356
5053	0.1990487243374398
5055	0.47581983884558443
5057	0.8292932791607646
5059	0.20274647545155633
5061	0.08352229123290733
5063	0.7958048507107041
5065	0.8066787681246865
5067	0.2592894496333661
5069	0.1596174224579412
5071	0.5186351780767334
5073	0.5027903245151332
5075	0.6231427568425046
5077	0.684870725647971
5079	0.9706419439903957
5081	0.9490503051684944
5083	0.2923720213293892
5085	0.6251699231920114
5087	0.584678147096035
5089	0.45455510397553744
5091	0.3865048342026087
5093	0.14547464411687916
5095	0.04676952387347988
5097	0.1582651157411359
5099	0.12117774188892483
5101	0.026547014945771052
5103	0.24918658258568493
5105	0.0914553023623309
5107	0.4494965591812766
5109	0.36398539674894537
5111	0.23148721807758477
5113	0.25217641570558713
5115	0.2537151576687634
5117	0.046674042556595574
5119	0.07341424991272372
5121	0.03080483477919005
5123	0.2362020016194296
5125	0.21987913562315642
5127	0.6240234576276599
5129	0.11469454044865757
5131	0.6965515484067104
5133	0.4122969755119936
5135	0.5796713039800463
5137	0.5412008074142082
5139	0.6832057194967776
5141	0.7488072638230631
5143	0.9649419033590351
5145	0.5878706363026106
5147	0.08659168768094339
5149	0.21610629666295644
6001	0.11511111763581283
6003	0.616712207331874
6005	0.6849228506582796
6007	0.8901569146170535
6009	0.37139782694703594
6011	0.2700177743180051
6013	0.19117928852714328
6015	0.8627009451342228
6017	0.45792259103401456
6019	0.4894566559416742
6021	0.07207662262469461
6023	0.9017548559471915
6025	0.2601874323514024
6027	0.6791394951607145
6029	0.33689677697513465
6031	0.39699606524415976
6033	0.06591700148740098
6035	0.3877540638963347
6037	0.4743954397325545
6039	0.6291438390442615
6041	0.9341594699818334
6043	0.48559853280206955
6045	0.346850033191767
6047	0.06544646821790412
6049	0.6534679796194698
6051	0.41918326426591146
6053	0.07481143196632811
6055	0.6219687818229727
6057	0.8783026729803428
6059	0.7259611150270073
6061	0.6680322606225019
6063	0.2264020704003631
6065	0.6601322788512533
6067	0.6141911007993767
6069	0.00901373872882505
6071	0.5272778788800557
6073	0.9436474647165667
6075	0.5097688625593558
6077	0.44196914918014685
6079	0.6616765356091273
6081	0.6626353927804207
6083	0.8687181121709322
6085	0.8442180803657742
6087	0.6782843465242997
6089	0.6839905910693954
6091	0.8074983459792228
6093	0.12083420307784631
6095	0.6299046019766746
6097	0.8031511950844664
6099	0.014940849141855006
6101	0.8189471301233072
6103	0.9778132509688533
6105	0.5749083887179062
6107	0.5179298127408454
6109	0.5870809438157796
6111	0.4862014205421423
6113	0.752370557228633
6115	0.8915238881831246
8001	0.24284456066007376
8003	0.9050679445994342
8005	0.6177400062028655
8007	0.2729159979668574
8009	0.556642340843886
8011	0.29739722693188875
8013	0.8423048574919964
8014	0.8508649206227837
8015	0.9809267245883481
8017	0.6267480264681838
8019	0.8397312359391043
8021	0.08624265195329195
8023	0.23086104281228537
8025	0.8704338984536827
8027	0.6666440357109361
8029	0.9671814034954764
8031	0.7459685895638534
8033	0.6314765082843946
8035	0.014416541920695636
8037	0.8147196556700549
8039	0.7508554177686195
8041	0.6111365324404304
8043	0.20901498441822997
8045	0.7078876629712801
8047	0.1470055051949981
8049	0.7132918738228906
8051	0.5822238668034642
8053	0.8112051722254744
8055	0.5899698803939827
8057	0.06107375963559092
8059	0.4578075638388702
8061	0.11022664043412111
8063	0.904670227699934
8065	0.8505790770626231
8067	0.26727496340727974
8069	0.44488094655745514
8071	0.3791519137459053
8073	0.29859176030147694
8075	0.31555319947480365
8077	0.8541759469472626
8079	0.6063110278821258
8081	0.35011879328411266
8083	0.7465509027279766
8085	0.27860797032416384
8087	0.6123489835247032
8089	0.057394046594661075
8091	0.6067309415961007
8093	0.5063073881196459
8095	0.04928012464733578
8097	0.9974519794760007
8099	0.594245092679847
8101	0.5938758231780493
8103	0.27149861607463976
8105	0.794911932378682
8107	0.08495537570154643
8109	0.7929219575216605
8111	0.4829179836103452
8113	0.7043001451002558
8115	0.5612745911317849
8117	0.5972169910184488
8119	0.45345905773203443
8121	0.6994569779461446
8123	0.06392745294842339
8125	0.8700589910227926
9001	0.8831309784797221
9003	0.3060816349624803
9005	0.6902653098528317
9007	0.6968218917358895
9009	0.9756958245013972
9011	0.8972371578770539
9013	0.9233112513397083
9015	0.4075126933381452
10001	0.36399556034935465
10003	0.6097447638457689
10005	0.023217071306359305
11001	0.32500799374037315
12001	0.5270768267075502
12003	0.640976675414087
12005	0.938180684235111
12007	0.6444690302038053
12009	0.874812018995102
12011	0.2516993321624834
12013	0.22271442558726917
12015	0.33491732720491296
12017	0.1662131541485532
12019	0.731408450499017
12021	0.7830951259155029
12023	0.4128299928441618
12027	0.21842536262838097
12029	0.8552643828264329
12031	0.268404367461053
12033	0.09283731623193003
12035	0.3679363173455604
12037	0.5291705899402089
12039	0.8345577217987563
12041	0.8554152355178747
12043	0.40347671563631404
12045	0.13830069542025114
12047	0.9540620761246155
12049	0.3293408546555032
12051	0.22211226206775547
12053	0.327969195614622
12055	0.06084214038409863
12057	0.6742579273979568
12059	0.6329311639122941
12061	0.9503855561171421
12063	0.8198981702569433
12065	0.5075208451889331
12067	0.3464068808745957
12069	0.48802203695115387
12071	0.3361325898834949
12073	0.2640117035829358
12075	0.8774263380468539
12077	0.47914124809322556
12079	0.4683486440926833
12081	0.2549763487462525
12083	0.3382710039852104
12085	0.02146654954156113
12086	0.6681962843314693
12087	0.5351623183413905
12089	0.14835081775344272
12091	0.45233224948880324
12093	0.8809210539992673
12095	0.9690769782612999
12097	0.19173411476881996
12099	0.6432808115292792
12101	0.8964014579527564
12103	0.8391428359766582
12105	0.20935557572198837
12107	0.16633413315862133
12109	0.16375612214651325
12111	0.35712425259366354
12113	0.026743894563904025
12115	0.1463936601279291
12117	0.8927618893809479
12119	0.8009523401366591
12121	0.6984508756650658
12123	0.12808894724657127
12125	0.4709000415920582
12127	0.898203150988175
12129	0.2793614500049215
12131	0.8072532520011525
12133	0.7493279347653121
13001	0.672377221179976
13003	0.6602133566193271
13005	0.9225597147326856
13007	0.18239506793453852
13009	0.5332505936785852
13011	0.41597351438139396
13013	0.13896239621243855
13015	0.18440920385968462
13017	0.10046179795937038
13019	0.551858740619922
13021	0.7221531927786053
13023	0.24639263948210188
13025	0.7034205520494544
13027	0.9217566002085037
13029	0.26682807340641923
13031	0.9158146093450056
13033	0.1401790945733724
13035	0.3311559264560443
13037	0.19581844670452264
13039	0.8998631941414313
13043	0.01203641048239057
13045	0.7779348358601986
13047	0.887116331637148
13049	0.6885538786168834
13051	0.9320327772947704
13053	0.7562374827920313
13055	0.4200458568282083
13057	0.6861246693494939
13059	0.6691303381376176
13061	0.9697665496048896
13063	0.28342483386835726
13065	0.47717878868919195
13067	0.1020328753886045
13069	0.02062147605175435
13071	0.026973173261566896
13073	0.06200943256349334
13075	0.8477057521566383
13077	0.3064692567953814
13079	0.1626001658938312
13081	0.42746022103957537
13083	0.1575954936453876
13085	0.17947653972725042
13087	0.46389448338031525
13089	0.845896423636142
13091	0.8055822322960114
13093	0.2735601671183785
13095	0.2616237025850412
13097	0.39014112153724434
13099	0.7537326210668697
13101	0.7833951205083489
13103	0.8454919229456597
13105	0.09706932345569996
13107	0.29336992733458744
13109	0.627557111597204
13111	0.504704497739684
13113	0.7990711746372487
13115	0.3052828842691865
13117	0.34158396375143263
13119	0.2746669535144384
13121	0.5541210184991183
13123	0.3769212244854825
13125	0.06872550862222193
13127	0.5747288173943988
13129	0.6319166609266911
13131	0.6216997084015823
13133	0.4911186816014399
13135	0.2608986691155524
13137	0.14676631998852874
13139	0.08842350470654503
13141	0.8879816719449185
13143	0.44379017861988035
13145	0.8182958497167642
13147	0.26796601521912333
13149	0.36697171488367697
13151	0.5099731613197471
13153	0.3247898192472277
13155	0.18423609693524168
13157	0.77425621972163
13159	0.33311634220954167
13161	0.8677476551860871
13163	0.44449255976472857
13165	0.560781362945291
13167	0.5970330979426212
13169	0.849502359732718
13171	0.8193628583207636
13173	0.6493399415555867
13175	0.8543716210283198
13177	0.44202762453255706
13179	0.41367747314289716
13181	0.08079051562508699
13183	0.5609695039348679
13185	0.8061648312162226
13187	0.24436769573570916
13189	0.255892409390024
13191	0.7530089271052226
13193	0.18326560209158071
13195	0.8977283503852712
13197	0.7317277953175412
13199	0.9364916189648838
13201	0.1031741271059099
13205	0.45339439445052654
13207	0.9015514462556774
13209	0.6613139425629442
13211	0.7114392519227951
13213	0.062414790975710455
13215	0.4834826570346099
13217	0.1163565051505544
13219	0.4868315780114659
13221	0.8261015346902072
13223	0.16742172764026286
13225	0.179342415898867
13227	0.40457859771410365
13229	0.925797833793108
13231	0.08359129819686195
13233	0.9442610777804555
13235	0.3630285658977227
13237	0.42469026914842456
13239	0.6959210102464213
13241	0.8081932618115105
13243	0.7363690543148489
13245	0.6157873950550868
13247	0.6644872550616793
13249	0.42023414642039014
13251	0.4040006049941759
13253	0.9177278862979534
13255	0.18179403373642578
13257	0.13081036080153696
13259	0.6188421109305928
13261	0.6972948309293329
13263	0.16005399170300705
13265	0.5043253960247108
13267	0.22026290691010686
13269	0.4202031321318558
13271	0.6246897769345667
13273	0.8827329408411548
13275	0.8657645375266257
13277	0.18888244085644768
13279	0.27433558966968463
13281	0.7577328088587724
13283	0.9621562846630644
13285	0.8474805300543515
13287	0.6798351092574998
13289	0.5570844189991127
13291	0.416833790765335
13293	0.04410509672896468
13295	0.7162477145371569
13297	0.15507313945914292
13299	0.3434339835170598
13301	0.9754147302373969
13303	0.5846865150646873
13305	0.38970497561692696
13307	0.8173879869403731
13309	0.7740178951605975
13311	0.11765097514993705
13313	0.34818031347740985
13315	0.05939640901635879
13317	0.4974458265474664
13319	0.9032479995411564
13321	0.5577717317237346
15001	0.8365303597385756
15003	0.05409704681348726
15005	0.2091560652671305
15007	0.775121640421417
15009	0.26000545517217644
16001	0.44417347894710557
16003	0.5479371716898528
16005	0.6202437079005099
16007	0.5541953409769435
16009	0.3238086322078605
16011	0.9730028064899692
16013	0.8141915717041018
16015	0.8162320847146721
16017	0.388049376763536
16019	0.32627089734571724
16021	0.5761910177734544
16023	0.8483509720061879
16025	0.5551554917403028
16027	0.02712706623683836
16029	0.6025641698593969
16031	0.7821854187803265
16033	0.6898223341800178
16035	0.6331161609883752
16037	0.3744956041456825
16039	0.2298933594176269
16041	0.10028910441197769
16043	0.8334892470976467
16045	0.748304066287184
16047	0.6631540853755892
16049	0.7054118701713534
16051	0.9589749042462856
16053	0.29469646987987863
16055	0.9975523630101542
16057	0.9202827407989848
16059	0.1809435419446077
16061	0.908427136145245
16063	0.2924713212879131
16065	0.28009317183310944
16067	0.26997184846759625
16069	0.13619637011577712
16071	0.5139603874972511
16073	0.7233469055569123
16075	0.04568853282783225
16077	0.7679284787850154
16079	0.7217166926226254
16081	0.07589547595543045
16083	0.43343895017589973
16085	0.41396026951563225
16087	0.00443501482123787
17001	0.2112335001134623
17003	0.6139096977697526
17005	0.5775079823395437
17007	0.7990183599125873
17009	0.4087355381039198
17011	0.9013727602286058
17013	0.8934836256208638
17015	0.22524824988671455
17017	0.8395301858484768
17019	0.20863220039321018
17021	0.8421885296160918
17023	0.8330930572886867
17025	0.2536700821534712
17027	0.9610974970249976
17029	0.4369632252972586
17031	0.11447562988387872
17033	0.9946004532765348
17035	0.2626643296962837
17037	0.12284988245626771
17039	0.8951206931271926
17041	0.6121042390016316
17043	0.5378176135205688
17045	0.8877710571040734
17047	0.9581583931899806
17049	0.010010966983488578
17051	0.5194391207041538
17053	0.250551736445364
17055	0.841559499689241
17057	0.47073317331589615
17059	0.6653879733149771
17061	0.2615730192593385
17063	0.1201972116516713
17065	0.7923461005842851
17067	0.10039211343093235
17069	0.027017566416407623
17071	0.33360404871340477
17073	0.8663754653700633
17075	0.5264389018361699
17077	0.027150286016883296
17079	0.05866339220267591
17081	0.7231839958817702
17083	0.6109200517099118
17085	0.24416693231932962
17087	0.24783551792650627
17089	0.49402766787767494
17091	0.16984253242213676
17093	0.8153752868582681
17095	0.26169116157593275
17097	0.9367522615516104
17099	0.8871888884895417
17101	0.0816349026446258
17103	0.6294330381067099
17105	0.055884467621587275
17107	0.43217948369108183
17109	0.9443550937622405
17111	0.6787283027534851
17113	0.021283812753170928
17115	0.8397664305413913
17117	0.36818920171856084
17119	0.03284513991238913
17121	0.7174216180720672
17123	0.9780832492731156
17125	0.4609694345812805
17127	0.4379566500037939
17129	0.5839053847946031
17131	0.5008844213171931
17133	0.7610217735862671
17135	0.2769237332385929
17137	0.9076550425387919
17139	0.2744634743654265
17141	0.7813386247643838
17143	0.9701083224010597
17145	0.9560976247297799
17147	0.4893720127827479
17149	0.8899898952050659
17151	0.4807469336288641
17153	0.07224971898262178
17155	0.791027577216042
17157	0.7677021840783751
17159	0.06046076990865912
17161	0.7574296373420512
17163	0.5452194255590691
17165	0.96705783671111
17167	0.947876102326636
17169	0.17037822082786624
17171	0.38314037828037384
17173	0.7528950251377663
17175	0.7771397533273917
17177	0.8957250050427882
17179	0.2368796900792418
17181	0.3041538405987655
17183	0.7381398658291372
17185	0.0164098114775727
17187	0.49970978005043865
17189	0.6584795259484756
17191	0.030316836096232702
17193	0.3901513233801588
17195	0.11490667456991499
17197	0.13956913388995862
17199	0.8898704032346483
17201	0.7624272456357855
17203	0.6321748883887436
18001	0.5647311295103068
18003	0.10690174085321624
18005	0.5866146192508368
18007	0.3934839540795353
18009	0.6451586475399133
18011	0.4870807306854861
18013	0.9941555247153947
18015	0.21404342751220473
18017	0.9904428377718661
18019	0.6175892639287006
18021	0.44995540149223545
18023	0.02333178263998914
18025	0.8548303702176125
18027	0.16359078939972382
18029	0.35738861789028087
18031	0.028463471563108023
18033	0.033779696189616404
18035	0.550716669605331
18037	0.8860951297688429
18039	0.2265518828741735
18041	0.9204006162120566
18043	0.6915946998241769
18045	0.6636693199178175
18047	0.9357384569276238
18049	0.8905661354260468
18051	0.6309610816730363
18053	0.8658368725766269
18055	0.03855309474058122
18057	0.4074372793567508
18059	0.4363082997177078
18061	0.9802286204453006
18063	0.9987971770687788
18065	0.6071509634808475
18067	0.05586461424445144
18069	0.6387240714293273
18071	0.1403799708058059
18073	0.6077918366094214
18075	0.38042788996965793
18077	0.28447437186826896
18079	0.8503027892440402
18081	0.4956176613844079
18083	0.5724938141907506
18085	0.16998144090990264
18087	0.09989873538902672
18089	0.9908732257400658
18091	0.9098662911835549
18093	0.32295176658049807
18095	0.4491924843808811
18097	0.2924267169143264
18099	0.6818403900862529
18101	0.5356258580829496
18103	0.12519788376583763
18105	0.8872575001201758
18107	0.5531238431725223
18109	0.7045144920374266
18111	0.7631965434439255
18113	0.8657358886303252
18115	0.8873711082189127
18117	0.35945901168344574
18119	0.90543042186682
18121	0.05101236468687498
18123	0.815649912422676
18125	0.3892615289987257
18127	0.6013641995863253
18129	0.7061531995491012
18131	0.8591052454201578
18133	0.9540999807985598
18135	0.16610211489643179
18137	0.6955298864040514
18139	0.3440356258816766
18141	0.16665714100663187
18143	0.41114968605502666
18145	0.3841555504590791
18147	0.5478410827957783
18149	0.905952088721322
18151	0.20046736030016976
18153	0.15354506089706021
18155	0.4016265579416848
18157	0.31681062094202883
18159	0.3522678405229006
18161	0.9741734450118037
18163	0.16309218602511677
18165	0.8261866863790318
18167	0.6904054780053562
18169	0.8619956773594782
18171	0.9318022006440064
18173	0.13668685127530456
18175	0.17841304638923905
18177	0.15178205533842382
18179	0.34336320471252857
18181	0.37073547474629376
18183	0.03609802170939569
19001	0.5623860758649691
19003	0.41479624604100984
19005	0.7645791546315239
19007	0.37264699526829637
19009	0.07031572473278724
19011	0.30254029242753255
19013	0.03224881203929908
19015	0.6983936092728857
19017	0.7310739348734461
19019	0.9784106454293556
19021	0.42534320049421126
19023	0.7344951464948094
19025	0.40931432301680615
19027	0.9420727977979866
19029	0.7267271251420653
19031	0.7114893243602325
19033	0.4107145304697025
19035	0.9707232762605008
19037	0.43716923084566495
19039	0.5502425028468145
19041	0.9453104294747329
19043	0.619001051295097
19045	0.7416692755486645
19047	0.8989844907112795
19049	0.712641261622477
19051	0.3305124664518694
19053	0.11842849427219859
19055	0.4245420379977525
19057	0.5987722729788788
19059	0.7476359611216413
19061	0.29798710203693135
19063	0.20466891639400742
19065	0.4415195843467369
19067	0.9511796433067287
19069	0.298313040381851
19071	0.6080528770343036
19073	0.7305708281443934
19075	0.22279828984602346
19077	0.1729952770168347
19079	0.1573580375271425
19081	0.5671984651207065
19083	0.09628010936315523
19085	0.8306918354563101
19087	0.5254542354378211
19089	0.7332935853958751
19091	0.40040790789092906
19093	0.5809915655367028
19095	0.9618895391255523
19097	0.8781213535618257
19099	0.9774173253860564
19101	0.9540247521044112
19103	0.328421912413433
19105	0.38895045432542363
19107	0.43755983448828295
19109	0.05151108631263335
19111	0.7231922601986088
19113	0.8657201508834489
19115	0.7613102323667612
19117	0.7033016553168937
19119	0.03057951705398687
19121	0.20730134721208482
19123	0.08164160683121546
19125	0.060305141218184755
19127	0.3938068966169298
19129	0.5285897777443007
19131	0.9677320526546873
19133	0.22691383775600726
19135	0.40434703341843536
19137	0.5827068121529
19139	0.6772675164068778
19141	0.3419906462417801
19143	0.8332404845270941
19145	0.8508446609545024
19147	0.3540787378251605
19149	0.8854424928634284
19151	0.5499323938029707
19153	0.893006500703684
19155	0.6525581782713148
19157	0.37003317798912394
19159	0.2209725308347824
19161	0.8879431599591467
19163	0.4616003769395197
19165	0.9199234763732902
19167	0.15035014235851552
19169	0.6194851865388296
19171	0.16683593179681488
19173	0.495462701887334
19175	0.27256044012152103
19177	0.8938959601854223
19179	0.23045472983620197
19181	0.20088334855344958
19183	0.5861277771639747
19185	0.8460198394583653
19187	0.3525435480030319
19189	0.7795184338534477
19191	0.66408832771619
19193	0.7452932223555917
19195	0.19401408529039388
19197	0.24494743225178217
20001	0.10596102721647549
20003	0.656240503039593
20005	0.9708742535367271
20007	0.9519531188811046
20009	0.2667545041040048
20011	0.4899288407668094
20013	0.948961221964435
20015	0.9584131626108753
20017	0.6052087121554821
20019	0.6461661675865856
20021	0.5695158398107505
20023	0.9306500359684415
20025	0.9238107842553281
20027	0.934372597541826
20029	0.22409285706827975
20031	0.9296422168303974
20033	0.5946894659148748
20035	0.7031451211317208
20037	0.7822703069074097
20039	0.45939610760105587
20041	0.30816681779513944
20043	0.4931936282954642
20045	0.23308574100148727
20047	0.7218868974643865
20049	0.871746544906862
20051	0.8890887611087512
20053	0.28757059985974565
20055	0.883159838657849
20057	0.829626968829368
20059	0.06660399134878925
20061	0.4764630449149607
20063	0.19117565173284756
20065	0.6793678574301435
20067	0.125492382035019
20069	0.5203279593695112
20071	0.09328520311734234
20073	0.22436503693747467
20075	0.7668766871035484
20077	0.6794701702154365
20079	0.3899464639245832
20081	0.7650793033296388
20083	0.1304999350594609
20085	0.11626679004082474
20087	0.7995835584247803
20089	0.9466296968156922
20091	0.7063865234502196
20093	0.6233159064272741
20095	0.9950957795055285
20097	0.6951814820368598
20099	0.3117204061634331
20101	0.4102677637428165
20103	0.1480393577585235
20105	0.13372878104466313
20107	0.7225169346836798
20109	0.9668399600374978
20111	0.36029830532319695
20113	0.588626862597062
20115	0.11343131879720258
20117	0.3389133315068016
20119	0.22342094597115336
20121	0.8109175040714764
20123	0.2526159507682414
20125	0.33179304653185626
20127	0.24859134807537397
20129	0.10371029532719744
20131	0.8153491613334911
20133	0.9843836078589969
20135	0.969134116122418
20137	0.5198972892554604
20139	0.25830627632770387
20141	0.33571241510100214
20143	0.04193124708663065
20145	0.9754476616703004
20147	0.3609183733313711
20149	0.35124386934659413
20151	0.4019459270856639
20153	0.24726819396637256
20155	0.7035077706790278
20157	0.31540984726597987
20159	0.2014248653326095
20161	0.09736998019001308
20163	0.38954232992085336
20165	0.986188305677598
20167	0.3067802165928536
20169	0.6851843771712924
20171	0.4098529459087855
20173	0.14481627307971767
20175	0.07539760449296329
20177	0.8615114151250279
20179	0.23824841299955868
20181	0.6089963303205906
20183	0.7890638432690296
20185	0.5724370337446417
20187	0.5681348851481487
20189	0.14554534203195213
20191	0.6692905446313192
20193	0.9383831359514249
20195	0.14222737445132372
20197	0.46492836401402016
20199	0.7586907212457843
20201	0.4039361917815071
20203	0.38590814320319733
20205	0.09074537067937116
20207	0.9539593947606966
20209	0.8240555193514109
21001	0.6762152788384663
21003	0.6103588409934887
21005	0.7186238038596613
21007	0.6119251075548585
21009	0.9829894003230674
21011	0.8916094858790012
21013	0.9530679470571665
21015	0.505724234250049
21017	0.6098677806009114
21019	0.49563142432640406
21021	0.2076825221688393
21023	0.06207989156708538
21025	0.13192695471775284
21027	0.4782376228222752
21029	0.4819164777268473
21031	0.40717821724232683
21033	0.7280049567288751
21035	0.9858706119739049
21037	0.862942103328609
21039	0.7470191929510589
21041	0.5424800374460852
21043	0.3278913025172272
21045	0.3933221282581537
21047	0.6514720088990192
21049	0.8802464569061477
21051	0.31713717712316225
21053	0.2872790278562921
21055	0.3540086965831827
21057	0.19726102185700567
21059	0.8743859101401612
21061	0.164537898701675
21063	0.08797865199298727
21065	0.71304300155849
21067	0.7008044429910611
21069	0.7879372057288478
21071	0.15411950531234164
21073	0.3366304456196181
21075	0.21493172532834792
21077	0.6483449163608448
21079	0.20770861908466354
21081	0.5690356591794737
21083	0.03913649575507594
21085	0.9029920294816748
21087	0.7162789837243217
21089	0.04372968230320562
21091	0.9375964182154921
21093	0.9857395510687318
21095	0.9002792273286617
21097	0.29902730693310753
21099	0.7476923928154551
21101	0.27664384451973656
21103	0.6521027581232156
21105	0.5089057218237147
21107	0.2598589295726986
21109	0.057807601102470185
21111	0.5541665057969036
21113	0.9244571348322913
21115	0.6973267110307353
21117	0.9037967656470136
21119	0.3233464352055798
21121	0.9520682390179817
21123	0.965408925147975
21125	0.9850812474010491
21127	0.8909347794668536
21129	0.5137805899963938
21131	0.737402808480847
21133	0.7645677659172523
21135	0.9922105125066134
21137	0.07855638867319359
21139	0.67349818234195
21141	0.010549020753600091
21143	0.27823000622640526
21145	0.6847484411356888
21147	0.7320799987841801
21149	0.1711500949675261
21151	0.8020406682812397
21153	0.8371280881736803
21155	0.8884268616316698
21157	0.13746652532379888
21159	0.6239130024771063
21161	0.9228146404419919
21163	0.42849087068592295
21165	0.7434542465835644
21167	0.7809572844035514
21169	0.041838440182853764
21171	0.3707718245205429
21173	0.37715552235206895
21175	0.22572214385744316
21177	0.6734954357202586
21179	0.9585690136857646
21181	0.17198770730270518
21183	0.6058670944950995
21185	0.42288873897849
21187	0.5464259259489365
21189	0.9212514602667269
21191	0.4593145457696909
21193	0.12924037560072899
21195	0.6913924316996867
21197	0.4790598882308287
21199	0.7677791519995749
21201	0.4034556204322116
21203	0.11434717074804912
21205	0.4721416545700624
21207	0.633861493322791
21209	0.7198589206263271
21211	0.8417088783561496
21213	0.6001826288044272
21215	0.07746072843192775
21217	0.06054483749745676
21219	0.9719278858798961
21221	0.009295957142093858
21223	0.25063080661245185
21225	0.7227752277514469
21227	0.0118300356216684
21229	0.5682693871223377
21231	0.2998816982315572
21233	0.1948026347318682
21235	0.02707179008099081
21237	0.8915387182146685
21239	0.48303045813176415
22001	0.25662787786453267
22003	0.8398959646680657
22005	0.03528579603084436
22007	0.6246834567487967
22009	0.7683458659285564
22011	0.4487167074420343
22013	0.5242724978030826
22015	0.006994999971643989
22017	0.10923627913299239
22019	0.047424956006228425
22021	0.6386816612691127
22023	0.9955273416412251
22025	0.024180216074614513
22027	0.6012267935255267
22029	0.49864558707769047
22031	0.10874764468575349
22033	0.32497066408667796
22035	0.9067898908264657
22037	0.49181842998194314
22039	0.7109901226975107
22041	0.19596992168890648
22043	0.03892784538831995
22045	0.8739862485733392
22047	0.44484603791264266
22049	0.7878193512586543
22051	0.26455438716785107
22053	0.043448401931189595
22055	0.9742232296940119
22057	0.7795166964638329
22059	0.7146034540380642
22061	0.7574448178159199
22063	0.9932341572905666
22065	0.515012229863368
22067	0.23302753562377831
22069	0.9030992685691922
22071	0.7862344920819032
22073	0.01785551000095409
22075	0.7842430415742693
22077	0.7467353489811678
22079	0.6279712250732947
22081	0.9352886752712243
22083	0.5494166708695101
22085	0.5567347416404745
22087	0.3630507145655876
22089	0.044232815996395836
22091	0.43870818377102494
22093	0.2498887103761126
22095	0.4804750197286809
22097	0.8499468202593863
22099	0.09126186382496349
22101	0.010442258980580377
22103	0.9060767614784254
22105	0.7707152796962284
22107	0.1540262455130823
22109	0.17159577154712935
22111	0.9879972050126316
22113	0.21463407296406567
22115	0.9116670438222424
22117	0.6765043683842735
22119	0.3401078979539438
22121	0.5087165789120586
22123	0.12482554121853207
22125	0.8247147118240966
22127	0.1263015885729022
23001	0.6468170711401249
23003	0.15025163506486783
23005	0.14356916970006672
23007	0.33583280619802536
23009	0.2817756859269447
23011	0.033753548023425006
23013	0.0649520312846541
23015	0.6665895700654133
23017	0.9355940941550647
23019	0.09288395394397064
23021	0.18476749944381765
23023	0.10556275829364403
23025	0.4990662273868087
23027	0.04789147816279482
23029	0.9422954121876603
23031	0.6019288386335755
24001	0.19552925157124723
24003	0.562404582789499
24005	0.6068860550179357
24009	0.0470014375043889
24011	0.33670056832318007
24013	0.5619566083893359
24015	0.839640486838169
24017	0.5465166630281605
24019	0.4159615929937508
24021	0.19292771885161053
24023	0.4140539575495843
24025	0.4562008815734484
24027	0.15536826503266588
24029	0.6530137029350949
24031	0.015043882504620631
24033	0.16593857554849323
24035	0.9017624236908491
24037	0.5752176936662498
24039	0.22826318039532367
24041	0.7584329925750523
24043	0.4720881882615837
24045	0.7168875178711768
24047	0.9353040937061723
24510	0.7793566053376059
25001	0.397856523786119
25003	0.3842460887102612
25005	0.1870349056475158
25007	0.664883313832213
25009	0.6699188463306568
25011	0.6572184611057126
25013	0.4922263235854736
25015	0.8420218058386975
25017	0.3326257283967423
25019	0.9901301067699995
25021	0.9318434649413267
25023	0.5705753610566509
25025	0.8914923628944967
25027	0.35219080371435996
26001	0.8718399101151275
26003	0.4183579355160023
26005	0.6686136630331246
26007	0.8875888109880168
26009	0.22915155550845923
26011	0.5500231173852479
26013	0.19199343775459832
26015	0.5574148066613493
26017	0.2823131637505638
26019	0.19316065603331734
26021	0.7415168774087462
26023	0.7838056953302641
26025	0.4110525162050035
26027	0.230549061854608
26029	0.3161314126687482
26031	0.050196264122155054
26033	0.9207710682657279
26035	0.02770411963360142
26037	0.33176960316085213
26039	0.8597146467816589
26041	0.9304228185028415
26043	0.7764896541801598
26045	0.7707028824724035
26047	0.5035004214489577
26049	0.5718913560311074
26051	0.7852192842189606
26053	0.2907100081377305
26055	0.7413714282132864
26057	0.6680252587732285
26059	0.03282620123729851
26061	0.4351174293211826
26063	0.8499088889510863
26065	0.8099858311163857
26067	0.696876799488854
26069	0.38139181785391263
26071	0.862668770159264
26073	0.3751359057029684
26075	0.6481542928105731
26077	0.5049045763642233
26079	0.4595804805166419
26081	0.028335548525568188
26083	0.7055018436655064
26085	0.2504473859277262
26087	0.9426160615391949
26089	0.47820569200106655
26091	0.09257773020132798
26093	0.3323186454064364
26095	0.7770191269732661
26097	0.1723382635492552
26099	0.7375992051112491
26101	0.5960431801737182
26103	0.6231251478615493
26105	0.6290969654568535
26107	0.9981094259619123
26109	0.5725842306805399
26111	0.6561882201375756
26113	0.6067069968825605
26115	0.8606511718207807
26117	0.3506440806186861
26119	0.5750028414801786
26121	0.19297663736235227
26123	0.3306953280216851
26125	0.7158298630771575
26127	0.45887503041599775
26129	0.6991932159458139
26131	0.49499136423023493
26133	0.0972631712490658
26135	0.8472921153492665
26137	0.27418839396908623
26139	0.17824155324697621
26141	0.09467005067230172
26143	0.4848993055920926
26145	0.7707609716961685
26147	0.5415387271581474
26149	0.26762570937133034
26151	0.0495830638208018
26153	0.1549230448122506
26155	0.1872909700382307
26157	0.15608719067523336
26159	0.024394551839035605
26161	0.5365230650762871
26163	0.7014116804778138
26165	0.3744464066025476
27001	0.6977031546653008
27003	0.3821428173925645
27005	0.8723763996776015
27007	0.10407372527592762
27009	0.8681758613147476
27011	0.3224182860786259
27013	0.7161450020769289
27015	0.05644955977954458
27017	0.7716534718079372
27019	0.35704406616589013
27021	0.8893358968694551
27023	0.42042649437714097
27025	0.5647659310469086
27027	0.5347309175254562
27029	0.7134728782723261
27031	0.7127527278841295
27033	0.8873722737484243
27035	0.8031354307494556
27037	0.005541381554367564
27039	0.9447976892686305
27041	0.19769899652047063
27043	0.7733020868914843
27045	0.9385187246526738
27047	0.498317889509461
27049	0.5425800147825585
27051	0.2252134361655156
27053	0.9217148134980603
27055	0.9153376457364196
27057	0.148080057809157
27059	0.32485144869276594
27061	0.9437373667406734
27063	0.8004280970286842
27065	0.9237686478036399
27067	0.35426561689517
27069	0.8775293806283914
27071	0.5891105332317005
27073	0.07174713247803233
27075	0.7000586538032343
27077	0.5563879325179087
27079	0.17672940632375123
27081	0.12095874218220115
27083	0.7082548253094486
27085	0.763773967425671
27087	0.18843766768569425
27089	0.8287918775783566
27091	0.35852897607856316
27093	0.8906531505928271
27095	0.4159494719945548
27097	0.8350195680314155
27099	0.7392269728332652
27101	0.08314962772410017
27103	0.6041414316183432
27105	0.4178665152847627
27107	0.059770298598595506
27109	0.27840931583066775
27111	0.17145483279043838
27113	0.9202788447217908
27115	0.2683561947332669
27117	0.657170960953995
27119	0.5410813234320345
27121	0.8689180166140748
27123	0.9319179207418756
27125	0.8441941201852852
27127	0.9416726544599731
27129	0.2638707937045024
27131	0.9616898156685335
27133	0.04822356237751113
27135	0.9184177688673382
27137	0.10575425033152452
27139	0.3107967424422873
27141	0.01216889997417303
27143	0.6954201920388235
27145	0.3687132940716844
27147	0.2969600590211521
27149	0.33811393319015426
27151	0.030192870195009935
27153	0.7667727617669392
27155	0.8052603506420827
27157	0.3881859839943129
27159	0.9032294959024606
27161	0.01857307737460856
27163	0.2985233812131013
27165	0.1450465241209884
27167	0.21209609395739915
27169	0.6069712293275936
27171	0.5042735081718012
27173	0.5636460832165883
28001	0.5349838943600591
28003	0.9549376003515886
28005	0.22150486393065183
28007	0.7178022423915161
28009	0.9380016736015128
28011	0.8966286977024086
28013	0.41784011268555443
28015	0.7214867275769762
28017	0.029664266362601888
28019	0.8869938166921794
28021	0.4783719639066537
28023	0.9580144329663529
28025	0.9347819609726157
28027	0.6565252123263895
28029	0.7353816885764883
28031	0.24773683682452186
28033	0.7216770018437669
28035	0.153449177722217
28037	0.06112415429314144
28039	0.10514250628198674
28041	0.4678113633152139
28043	0.022672790706467105
28045	0.658352843513352
28047	0.3240440052735538
28049	0.954146615567846
28051	0.7819599460909917
28053	0.5186852177143774
28055	0.24779193191405513
28057	0.394522557789288
28059	0.15158938410373657
28061	0.5889317991888796
28063	0.6000029656491195
28065	0.7896618039057854
28067	0.27178358106021183
28069	0.2440963039236308
28071	0.18375899265005324
28073	0.5535022196794966
28075	0.4578618262239319
28077	0.1100029365862687
28079	0.01905389626118592
28081	0.5552591735463733
28083	0.006695362612364253
28085	0.3545370931939974
28087	0.49041498258977856
28089	0.2796306390765102
28091	0.454144393144972
28093	0.19209908793726205
28095	0.13056516948139674
28097	0.8533872037688015
28099	0.2368664390309131
28101	0.6783988229073984
28103	0.6405175417576736
28105	0.24514173025742858
28107	0.16048178091837317
28109	0.4171807414953488
28111	0.030175250000468945
28113	0.5237653249875674
28115	0.0908585838197501
28117	0.33392715097164294
28119	0.04221785358153396
28121	0.930392856263704
28123	0.5026382743042681
28125	0.6884325022236288
28127	0.7364634799778641
28129	0.08439303654455155
28131	0.006322062992351052
28133	0.4689529319882535
28135	0.12839423634390945
28137	0.4266678326332003
28139	0.3701746660944659
28141	0.4539798828187429
28143	0.843002456259221
28145	0.4938894777001641
28147	0.5954473070287104
28149	0.6101124413301301
28151	0.5532896531097486
28153	0.4423615346208848
28155	0.9726373800025182
28157	0.3784298088431207
28159	0.7916642696678403
28161	0.6790310625864417
28163	0.9087878961115233
29001	0.5873226144493015
29003	0.9719677198441395
29005	0.7181488620949817
29007	0.6602121435672164
29009	0.1375960603046621
29011	0.007014971561654648
29013	0.6223295797842477
29015	0.10475236917425657
29017	0.2835646047884536
29019	0.8301510585548053
29021	0.3293108259348162
29023	0.7583224650913658
29025	0.7341486108955217
29027	0.8518433900318046
29029	0.989561059901655
29031	0.13590416833238683
29033	0.7738033111233056
29035	0.29249952835388116
29037	0.5518397578385869
29039	0.5437614862959642
29041	0.6884480899426791
29043	0.9518349803966711
29045	0.16269651322203982
29047	0.06904746143797957
29049	0.4826320595450274
29051	0.3022875033281902
29053	0.07191808359782303
29055	0.6537776870291032
29057	0.5868098328699419
29059	0.4293832104780476
29061	0.22012302199805567
29063	0.2802063615355348
29065	0.195659949844176
29067	0.5289909257532168
29069	0.5870140554971808
29071	0.9275235861288237
29073	0.6626330096946399
29075	0.497835187825725
29077	0.9091195913196596
29079	0.8264241430310753
29081	0.06954292879914081
29083	0.4656903298962446
29085	0.6704655268474661
29087	0.09497532671051556
29089	0.7023740201689146
29091	0.6297909218861394
29093	0.01866971546490115
29095	0.655946722375571
29097	0.747049417342794
29099	0.017459053023792692
29101	0.25936819995142735
29103	0.2919064235333805
29105	0.32686103269222666
29107	0.4002905108431146
29109	0.24218418948386078
29111	0.9904504417792753
29113	0.011001241998449873
29115	0.2681128919434904
29117	0.6312683595290693
29119	0.6120827439719351
29121	0.21328033807388613
29123	0.20352773403854685
29125	0.5089035280128134
29127	0.8118686705278656
29129	0.055590700576341745
29131	0.07062370512437033
29133	0.27342472578627475
29135	0.9615340312317224
29137	0.7419796343942316
29139	0.3505880946829426
29141	0.31532430695374636
29143	0.5805723132095251
29145	0.9989686458373035
29147	0.32832115607778545
29149	0.11259701587892612
29151	0.8673996389597516
29153	0.8107970921595681
29155	0.8455945005396869
29157	0.7034822584216612
29159	0.9937926924744978
29161	0.6059087846470033
29163	0.5209780485222241
29165	0.06969182244046435
29167	0.87073921473228
29169	0.04671848296613201
29171	0.5430315296517813
29173	0.07651200440924899
29175	0.08254708963902058
29177	0.0596322503958262
29179	0.1700828761334039
29181	0.3301741417070492
29183	0.6174809316051287
29185	0.587209856824798
29186	0.35676077521321126
29187	0.8114941718262242
29189	0.08625071846191457
29195	0.6687150180497189
29197	0.30398169865647917
29199	0.9009152753909684
29201	0.06666113946734553
29203	0.795407945004019
29205	0.30634031129767103
29207	0.42241083827977244
29209	0.19533495951641433
29211	0.396968774951309
29213	0.10313110291700145
29215	0.34627937453200974
29217	0.4957019184853835
29219	0.41678258273860236
29221	0.45753320850253154
29223	0.7066042275840921
29225	0.11039638144897035
29227	0.36635417988985886
29229	0.6885212342983766
29510	0.5399135458748724
30001	0.22091829904429894
30003	0.823728612940523
30005	0.8961064023524715
30007	0.023289816543068165
30009	0.9886598006114395
30011	0.30697930039746857
30013	0.23583411846989855
30015	0.32292130990463686
30017	0.2252150832939508
30019	0.4108823057133777
30021	0.8241154214328268
30023	0.8863202426464005
30025	0.21937593472557226
30027	0.40681351118121245
30029	0.4206829116768249
30031	0.8552105538790808
30033	0.3238005637345829
30035	0.8762109384073457
30037	0.26815460450060014
30039	0.9358794375461786
30041	0.9729412262849113
30043	0.9865421172790763
30045	0.9046159040038716
30047	0.7234188036202264
30049	0.6172846634522249
30051	0.6377170585886266
30053	0.926640152310139
30055	0.5437856902219129
30057	0.8053482755917392
30059	0.8614254807596804
30061	0.7873796563963575
30063	0.01959683694258596
30065	0.033579657844006516
30067	0.5516027650943105
30069	0.18561234112807345
30071	0.11431837851058879
30073	0.2623210656163567
30075	0.857662398353871
30077	0.7021187025904035
30079	0.7138566978296893
30081	0.36455505614204187
30083	0.1755850634442363
30085	0.5944438440690112
30087	0.6428993884033367
30089	0.8283230134685389
30091	0.7101280575567216
30093	0.9049633813712649
30095	0.6512259828805924
30097	0.977070131966046
30099	0.4474545424578037
30101	0.2544827099651459
30103	0.5334583657317806
30105	0.22379516851983483
30107	0.13063447869824962
30109	0.020960877129525435
30111	0.49754635437218264
31001	0.08312393095643489
31003	0.3022724894455644
31005	0.0028305129743818602
31007	0.26571529212817435
31009	0.5137435160666503
31011	0.8520303913121148
31013	0.1577351088153801
31015	0.047206044703350436
31017	0.6546850742942486
31019	0.20185546764171713
31021	0.04734608805704699
31023	0.5506907780050084
31025	0.7934699440281116
31027	0.783033124635935
31029	0.8313569767270523
31031	0.011459616507247139
31033	0.5794410202979413
31035	0.9873099606536837
31037	0.45356369350738224
31039	0.38782552689725547
31041	0.9152646791878347
31043	0.7785492576534522
31045	0.9987913588399174
31047	0.8661165643615744
31049	0.25178136688184927
31051	0.4452202424764552
31053	0.4078699865447286
31055	0.35080988149896875
31057	0.17705673986471804
31059	0.48628150587479535
31061	0.6480056896073066
31063	0.9359354777065623
31065	0.7000138754634758
31067	0.5500842540331351
31069	0.017871533720350996
31071	0.4294800153576882
31073	0.40229127984853896
31075	0.2905209907566044
31077	0.18883035608236798
31079	0.4116615434183627
31081	0.21354632170482124
31083	0.35008102674458763
31085	0.011143357338434079
31087	0.8737625163162835
31089	0.1996418310230672
31091	0.2166045721709352
31093	0.6570837433538101
31095	0.9738856248800783
31097	0.29492293144317605
31099	0.27656550169720584
31101	0.12454331678457953
31103	0.23977453954652617
31105	0.011804797181050874
31107	0.455231158153516
31109	0.7812742730448102
31111	0.3288046685206911
31113	0.8771496435121369
31115	0.685644542602193
31117	0.48184685379082504
31119	0.9892579021943098
31121	0.9901469990824235
31123	0.413841567433213
31125	0.4486062306584482
31127	0.7679094268714572
31129	0.673130471798653
31131	0.27556073030805295
31133	0.502636481169358
31135	0.3512765622945433
31137	0.9864201192846478
31139	0.6148233030131012
31141	0.8599335330699586
31143	0.41954752924087835
31145	0.4454064622106043
31147	0.012720097045512357
31149	0.6639719797379718
31151	0.07355589938843932
31153	0.5555054113750417
31155	0.39045944154095313
31157	0.4766317636919961
31159	0.03708276438637659
31161	0.5065714197167646
31163	0.8559692409906114
31165	0.20251649610890454
31167	0.709873375918039
31169	0.7210777446776193
31171	0.5980549595946556
31173	0.23655547768277096
31175	0.15800338712597373
31177	0.050349306800644755
31179	0.6857547294829955
31181	0.4518807941133409
31183	0.4264546151749029
31185	0.04930027970963602
32001	0.6671230064932336
32003	0.7731720716797508
32005	0.5328928429785407
32007	0.48682597980708664
32009	0.9888227581986713
32011	0.5366236628383179
32013	0.9163249766101258
32015	0.6124989340925698
32017	0.6417920160249037
32019	0.9935626988261033
32021	0.6217670312145159
32023	0.8723245475436794
32027	0.5729948795236124
32029	0.4909031880598296
32031	0.8250179247822444
32033	0.22242207327851982
32510	0.8962720682987259
33001	0.8550384175619384
33003	0.0902250805404442
33005	0.009661938205999587
33007	0.6760696855022202
33009	0.7889140282955298
33011	0.764098734186921
33013	0.3902022834149327
33015	0.3608809138605077
33017	0.9063933047336203
33019	0.23716001586960356
34001	0.0038950608143816234
34003	0.4170249934924726
34005	0.37965180495380324
34007	0.9066662121853414
34009	0.762334032749783
34011	0.8788723778817581
34013	0.6371496230728924
34015	0.42555459351122016
34017	0.36340991521922517
34019	0.05877867775848178
34021	0.2712711304612174
34023	0.20901217287061646
34025	0.027405476493100656
34027	0.15103336916766508
34029	0.22376808940911508
34031	0.83298947795123
34033	0.8786817763935977
34035	0.8401604969197917
34037	0.4932856570932651
34039	0.6551731654869171
34041	0.5257921376469885
35001	0.3444020600619917
35003	0.9782793965543082
35005	0.9896336313690931
35006	0.7857888532896937
35007	0.09045240885459693
35009	0.7093938640820233
35011	0.08369230036556441
35013	0.6329415759496888
35015	5.40975743943628E-4
35017	0.5591734509297615
35019	0.8278644874662555
35021	0.4163294754625917
35023	0.6210877215995103
35025	0.9338024199073321
35027	0.35749307876508674
35028	0.31012344557304494
35029	0.017802712421158495
35031	0.4784503670304703
35033	0.7252950848674963
35035	0.34173311237521187
35037	0.22933571329490554
35039	0.4177846000174129
35041	0.7296325121303208
35043	0.2013601077705992
35045	0.14248059922356227
35047	0.23252315487533337
35049	0.7082324725931471
35051	0.15014987579050865
35053	0.763454858008187
35055	0.7236443868433514
35057	0.6904144605037901
35059	0.26484983900238845
35061	0.8399083497750072
36001	0.10511116720603708
36003	0.1011934068961291
36005	0.02759274094778097
36007	0.7870783392573705
36009	0.8570331391498228
36011	0.9680749543092383
36013	0.15513555827352854
36015	0.2494380510669909
36017	0.33773116920821455
36019	0.6892669598012147
36021	0.5835801300988291
36023	0.29281043908553317
36025	0.3179473306084021
36027	0.9544727046753164
36029	0.6840711468398999
36031	0.8668353991170942
36033	0.30339199774810344
36035	0.8728755047916745
36037	0.23331383503102998
36039	0.7317220273793389
36041	0.8401649286286437
36043	0.7607099870848644
36045	0.3188366990360957
36047	0.9767495947047041
36049	0.7432221583378792
36051	0.36859680717932963
36053	0.7877561596135781
36055	0.7343553432557012
36057	0.5583459588305871
36059	0.497780914725936
36061	0.6793725435358989
36063	0.820498379258273
36065	0.5799793830962483
36067	0.9777029020629171
36069	0.985665077639433
36071	0.6678061500327735
36073	0.8526804723881102
36075	0.7869931838921542
36077	0.7899290808304391
36079	0.27501721786325073
36081	0.9718418410863306
36083	0.6219553122070852
36085	0.8203199463857035
36087	0.24731954723440763
36089	0.020871236186683295
36091	0.9366618262818737
36093	0.4901364136327738
36095	0.747099986393366
36097	0.5094206950439282
36099	0.7420386353382514
36101	0.4470801505835975
36103	0.029880888140175532
36105	0.7572981359752673
36107	0.7795815364426825
36109	0.075334605789104
36111	0.9804451986016302
36113	0.4600264225236128
36115	0.8936338726148195
36117	0.18353710043587446
36119	0.9455293040122478
36121	0.9552753408846356
36123	0.09429811069578675
37001	0.4773887086065167
37003	0.007191349997874408
37005	0.7700203050752383
37007	0.6665158589944346
37009	0.7640030278114863
37011	0.34330519597259535
37013	0.7109340244606127
37015	0.4288957803836003
37017	0.2527539640209514
37019	0.6987197778069497
37021	0.44556654960669184
37023	0.5788306743833715
37025	0.4879829736782684
37027	0.7567182901041383
37029	0.42866987323311045
37031	0.793954173218074
37033	0.1855138415043509
37035	0.7148972485612928
37037	0.9893536827370265
37039	0.21512269952495477
37041	0.5185144021078194
37043	0.9893185751546578
37045	0.023689684756215135
37047	0.026574454331652397
37049	0.3696409433453397
37051	0.33002395560711284
37053	0.6473313337330722
37055	0.4908286068366604
37057	0.7509018075985403
37059	0.45725991592760984
37061	0.5613631371029321
37063	0.7575349485486736
37065	0.3489217446503855
37067	0.03175025826589006
37069	0.09316183142940504
37071	0.7971220411065447
37073	0.38605262441235344
37075	0.6985181912710776
37077	0.16085259492886161
37079	0.5328859234868862
37081	0.7097891334815262
37083	0.8541511834756981
37085	0.695322293373895
37087	0.05337894544073285
37089	0.003860898754946107
37091	0.9806274536835482
37093	0.543990114466061
37095	0.10040787251944738
37097	0.7428073217137477
37099	0.7945107146481851
37101	0.0898363926315765
37103	0.5551841720188794
37105	0.2130964317436962
37107	0.4264228337351489
37109	0.43618962962281693
37111	0.7687154494079719
37113	0.7539776133345549
37115	0.11214411501439148
37117	0.3161988152255404
37119	0.7909533084403261
37121	0.20912481600247834
37123	0.40609900501963936
37125	0.19733123095613103
37127	0.25971601722716386
37129	0.21837561102370573
37131	0.06842873178394904
37133	0.3171779260352865
37135	0.8008879963527304
37137	0.6751599305893999
37139	0.4957757542268115
37141	0.13680055642915478
37143	0.23375966869156384
37145	0.33727116175326965
37147	0.15991721563138706
37149	0.23517119027432976
37151	0.16347312838529127
37153	0.9949597737187001
37155	0.9428020191845482
37157	0.09465672341521347
37159	0.8060119563064564
37161	0.9428635229378874
37163	0.7757315733757012
37165	0.10971056278521929
37167	0.06408372985797384
37169	0.41468394951750054
37171	0.8241358029364788
37173	0.2947795699098279
37175	0.6507649529552462
37177	0.6535465267235848
37179	0.3150843861081706
37181	0.30928839602226454
37183	0.14311749445976107
37185	0.38576851580648996
37187	0.583428330675413
37189	0.01634805596884925
37191	0.2184597051852709
37193	0.8203650846794907
37195	0.7477151880219589
37197	0.7361376346396281
37199	0.6629638832966075
38001	0.8414653898160107
38003	0.031060350561998074
38005	0.9693974160069146
38007	0.07111902984344654
38009	0.5769298417403013
38011	0.5890197174916804
38013	0.9365066252112941
38015	0.3899271596046173
38017	0.9277128085111217
38019	0.3039239332341551
38021	0.6651740756774808
38023	0.44882465315384557
38025	0.7961585222960099
38027	0.973566617096501
38029	0.09854032042077243
38031	0.7482852853032176
38033	0.713980395243971
38035	0.35690133811261726
38037	0.6484826586555872
38039	0.11926368099881468
38041	0.5477434417707996
38043	0.3692640164655622
38045	0.20317261196468173
38047	0.12467751560333173
38049	0.7042537886022101
38051	0.5882290692836697
38053	0.17676585520856625
38055	0.9055615083691142
38057	0.5029513327108956
38059	0.7071305312983036
38061	0.29944661806827033
38063	0.6352464413686303
38065	0.6416389208157052
38067	0.3538735687619421
38069	0.05608807732706267
38071	0.5542087371463439
38073	0.010303173407951394
38075	0.02700308805796514
38077	0.7779055557075805
38079	0.7561515341758946
38081	0.6685742745664626
38083	0.5127575871333531
38085	0.5098841480097469
38087	0.5427724351791973
38089	0.670864472156041
38091	0.09755312192651444
38093	0.07878218585197994
38095	0.8030101171784477
38097	0.9056357813750162
38099	0.5154345466923596
38101	0.9574784732184913
38103	0.6488667838725631
38105	0.16159667456846294
39001	0.05524281315322688
39003	0.16530983201688632
39005	0.102805059782478
39007	0.13777997694240363
39009	0.04909455973234089
39011	0.29386408783635953
39013	0.5559151493692382
39015	0.920434402272567
39017	0.3561669304837062
39019	0.8804429796391411
39021	0.24097053330281093
39023	0.20166018076096692
39025	0.8006697138104342
39027	0.7445386788356411
39029	0.5389718284306368
39031	0.2673878755806899
39033	0.020400599914669915
39035	0.4083494282984137
39037	0.6857202681082366
39039	0.13940044579654776
39041	0.5710680193584571
39043	0.8311073408875531
39045	0.9121804820882129
39047	0.5262064165842774
39049	0.4971398978636149
39051	0.3074247488449823
39053	0.6906061003780245
39055	0.9690935729482891
39057	0.7995817596027052
39059	0.05241653021916859
39061	0.7217143174245197
39063	0.26538143252832636
39065	0.38343832511783604
39067	0.43022382023466155
39069	0.4213469960416584
39071	0.3298623095993145
39073	0.9337977091371586
39075	0.02395474996928859
39077	0.9187163257012879
39079	0.46631449374610545
39081	0.09185318901235606
39083	0.8383237633833154
39085	0.2544068250995991
39087	0.7730388434849612
39089	0.6701293766506158
39091	0.3397075244244637
39093	0.5028192167299224
39095	0.8553197461424827
39097	0.40211235049776106
39099	0.34725442612900026
39101	0.7497456627462215
39103	0.6716588115684788
39105	0.43020329058693785
39107	0.905501682046249
39109	0.3837519530338811
39111	0.713776458342065
39113	0.24661900373359857
39115	0.7834557978121418
39117	0.3153191480309886
39119	0.7427092665231186
39121	0.8266157568390319
39123	0.4146253068613991
39125	0.03186861312638556
39127	0.45182723275125947
39129	0.0978784719814404
39131	0.122668430307871
39133	0.591564956974932
39135	0.7359001783047054
39137	0.5456104189468713
39139	0.5451119035237462
39141	0.5947538920146126
39143	0.6891108310636774
39145	0.8398355988207353
39147	0.3619455705856126
39149	0.6757653853437653
39151	0.4450167699235512
39153	0.06610933748734382
39155	0.40392530663869564
39157	0.7514566667333636
39159	0.7498934758686823
39161	0.24951175919724877
39163	0.6353656396615236
39165	0.3572933245941211
39167	0.5186093743270068
39169	0.8761711701150777
39171	0.925174745962178
39173	0.6335397008582754
39175	0.769510079879001
40001	0.6845404672175401
40003	0.5939801976591393
40005	0.1033645754093302
40007	0.93902351174421
40009	0.6430046000957776
40011	0.962500863532483
40013	0.6736872050554497
40015	0.8470718079447097
40017	0.6511863527543384
40019	0.5600401150255822
40021	0.2137812356932416
40023	0.6655474129849359
40025	0.966728305924349
40027	0.4676011648281855
40029	0.30519676532694706
40031	0.607136097892938
40033	0.8314862448159723
40035	0.8013531499152322
40037	0.832805925647816
40039	0.3006107036177066
40041	0.5956707146465245
40043	0.6912999959684402
40045	0.056357017757796
40047	0.5558822639734865
40049	0.3804329536982761
40051	0.07848005100317079
40053	0.9851472107472147
40055	0.03267023838095218
40057	0.926514422725544
40059	0.3048370295516116
40061	0.4300287623117095
40063	0.33263118179487705
40065	0.12128654751267842
40067	0.883350900459596
40069	0.9914916306909675
40071	0.9006651056576035
40073	0.8828813425306729
40075	0.3532666696168426
40077	0.3333967197230713
40079	0.3038170531229065
40081	0.3196501342237008
40083	0.7114279209284634
40085	0.6449739728902172
40087	0.10714411202530438
40089	0.17309588656030472
40091	0.6894436212263132
40093	0.6260814168703628
40095	0.679581669265951
40097	0.16339420613531208
40099	0.9054170441406183
40101	0.8308530701782327
40103	0.7458830200313062
40105	0.4931892419245998
40107	0.17883095858149034
40109	0.9349426307039854
40111	0.17997385450779935
40113	0.9104492190863287
40115	0.7062790685306122
40117	0.041689652963274426
40119	0.8054449586735354
40121	0.4113698251785599
40123	0.8439497737636451
40125	0.9300933145545012
40127	0.4813505823309433
40129	0.8985886655532609
40131	0.8017239961793204
40133	0.3346864825852174
40135	0.03415816198284527
40137	0.2721550716369354
40139	0.514663609007756
40141	0.5166241301979522
40143	0.7202458462809208
40145	0.7816264008541584
40147	0.3355563042699714
40149	0.45876410570602166
40151	0.7685519386559487
40153	0.697353464842317
41001	0.1175775060898876
41003	0.09423081432567137
41005	0.7059509532396656
41007	0.6016595406582863
41009	0.073878211900399
41011	0.4062189833061062
41013	0.9502779703005855
41015	0.581670942075287
41017	0.905225549764721
41019	0.8217407484521496
41021	0.646042425995175
41023	0.3446060260222481
41025	0.4366059201508846
41027	0.39365090753883636
41029	0.20145643693406445
41031	0.9207005748294671
41033	0.3477494051026149
41035	0.45374883236652164
41037	0.05132741758468884
41039	0.5677774309977014
41041	0.06351094602925145
41043	0.9074871607726861
41045	0.4371588894655237
41047	0.2723863912173935
41049	0.9034005435704747
41051	0.006167577146891312
41053	0.7497050393528983
41055	0.7386606789301361
41057	0.1772788899042923
41059	0.6892807403767023
41061	0.24352337648910338
41063	0.6225932267075598
41065	0.6780437704458334
41067	0.3185149714559886
41069	0.46926292348312737
41071	0.40840007575546045
42001	0.3589297294180943
42003	0.7423154710856837
42005	0.9897229123906595
42007	0.14240447754598784
42009	0.33769959063490673
42011	0.10038775075125672
42013	0.029291790103004756
42015	0.21763730703346418
42017	0.44080119191585065
42019	0.8972271803627364
42021	0.6168574431311672
42023	0.2832108011455525
42025	0.5299072980235962
42027	0.07014148585227498
42029	0.45573783539810797
42031	0.3761681751238952
42033	0.8417198795744518
42035	0.48726421112273666
42037	0.638879820162719
42039	0.181439486835839
42041	0.8214971113308756
42043	0.009165028489611315
42045	0.0018542814168154287
42047	0.8561755853222668
42049	0.5824046547436965
42051	0.5733787052202348
42053	0.13730921552794528
42055	0.6724272387623123
42057	0.7610928855123434
42059	0.6138775833208194
42061	0.5337578303289109
42063	0.20207603700545484
42065	0.5992531438603461
42067	0.15018287985801027
42069	0.7195943938406947
42071	0.6005080021377077
42073	0.5438714358276431
42075	0.3354201681268276
42077	0.43710046851748563
42079	0.6873973727871628
42081	0.8950120054676453
42083	0.5368730689352224
42085	0.20848828323747404
42087	0.052417271275426724
42089	0.14245669398295824
42091	0.6638540061665738
42093	0.8981504567127672
42095	0.9109272726155041
42097	0.3710579698995634
42099	0.19893744968342397
42101	0.0754031608259238
42103	0.76538658667765
42105	0.5568220934452014
42107	0.4867490945565879
42109	0.4169078640295164
42111	0.6755408248050075
42113	0.9822238855300326
42115	0.8771798654472859
42117	0.5522034526869588
42119	0.584844908817684
42121	0.5560613942723774
42123	0.49770901576834514
42125	0.13657604299796722
42127	0.43994220077232704
42129	0.3404518619168774
42131	0.22007585371759253
42133	0.9286898029634608
44001	0.7643059110844821
44003	0.2610460606040651
44005	0.13396701247235376
44007	0.24266269695733356
44009	0.13887722921875345
45001	0.9119605748718042
45003	0.4086562166449216
45005	0.7559791924977377
45007	0.5949383836828284
45009	0.46594068553304135
45011	0.49533075811490557
45013	0.6375118295820713
45015	0.352249916302374
45017	0.17906104583232874
45019	0.2144882265625978
45021	0.93586682083782
45023	0.8095140561612661
45025	0.34513230279307594
45027	0.4773706597176276
45029	0.9972435817058126
45031	0.5662730130379696
45033	0.9780694301688257
45035	0.8227330443258675
45037	0.8991656623769751
45039	0.32430393275460745
45041	0.782745965365123
45043	0.9964447518359975
45045	0.7207601391145242
45047	0.8451537825448098
45049	0.7650916625990848
45051	0.9349677539212882
45053	0.45065097547665156
45055	0.22170592514555998
45057	0.25914812071358095
45059	0.7061106852208022
45061	0.8081322629242501
45063	0.09219550038339264
45065	0.9158390225674876
45067	0.38794179080858615
45069	0.3260678600401473
45071	0.08430074961728118
45073	0.9112837967959356
45075	0.9232718483245781
45077	0.8729190522177149
45079	0.45653465913377433
45081	0.7884915470000278
45083	0.19375893747152773
45085	0.5366733165885531
45087	0.5727753447870195
45089	0.046244904282652044
45091	0.43112031869693745
46003	0.8084733723689548
46005	0.20155785557610628
46007	0.18583106454037723
46009	0.25821844700750884
46011	0.828727879156891
46013	0.5872300465449832
46015	0.3611685589727832
46017	0.32810314163473064
46019	0.5520155308443562
46021	0.2397639725182532
46023	0.6514934231345666
46025	0.13636525368829444
46027	0.29714756435920653
46029	0.2988681128001218
46031	0.8808348594866116
46033	0.2865862274925235
46035	0.5302740177828951
46037	0.9218491587494095
46039	0.4092043605307113
46041	0.400633229860047
46043	0.936294757071611
46045	0.9012256219269946
46047	0.18865758076794437
46049	0.48240063795100985
46051	0.15087319536395627
46053	0.05350663963996494
46055	0.24820771103071404
46057	0.18820311817916957
46059	0.1458991323350941
46061	0.6298244577033153
46063	0.7753808599394106
46065	0.4511856293380151
46067	0.5952078252001698
46069	0.4435179335320838
46071	0.666549765254499
46073	0.9010101817365739
46075	0.2947558387758815
46077	0.5663915835512596
46079	0.7609182571396429
46081	0.027139613570875132
46083	0.4403894438306323
46085	0.35992703146403704
46087	0.27427540131797634
46089	0.26748047186486323
46091	0.6742560614327113
46093	0.6211362024184102
46095	0.24768318093974018
46097	0.8391336020528388
46099	0.6056624201316266
46101	0.4533555997262937
46103	0.4162221591499329
46105	0.7882696326448116
46107	0.5262298812290928
46109	0.5860317373783639
46111	0.6815256971177376
46113	0.9890254652466345
46115	0.561361554286153
46117	0.6910177118228005
46119	0.9401257650775859
46121	0.18087405389639344
46123	0.36957857996860577
46125	0.7003556472493138
46127	0.5888975369677557
46129	0.6586222103598135
46135	0.9051985826564914
46137	0.29804018158083145
47001	0.7363752672763165
47003	0.11028894131751821
47005	0.020046439832567375
47007	0.37071373485631764
47009	0.7685059493712061
47011	0.4886299675054864
47013	0.3390155310522581
47015	0.9853336861691243
47017	0.9914179655838613
47019	0.6402271757252413
47021	0.8633171789420274
47023	0.143112413734658
47025	0.44633571501497926
47027	0.6850986533134297
47029	0.14696324240538905
47031	0.5394273592018918
47033	0.225389872124793
47035	0.7244542509063783
47037	0.7025477051906247
47039	0.594383075772889
47041	0.8498438850753588
47043	0.05218297166006902
47045	0.8982101865066421
47047	0.09963148243562348
47049	0.4848950952333225
47051	0.2904488722200139
47053	0.49079202283919954
47055	0.4735624449567335
47057	0.04406581600497528
47059	0.2478232050827358
47061	0.3071437894655459
47063	0.2883471131830615
47065	0.20393827694626387
47067	0.4916774436253236
47069	0.8252369649610147
47071	0.16690381543809463
47073	0.5264332643410873
47075	0.6305569601320551
47077	0.20475663512436493
47079	0.9307082973440584
47081	0.08285731130193918
47083	0.5355916541825543
47085	0.47487958558672794
47087	0.4350064329587945
47089	0.8503125657752632
47091	0.4859033011337751
47093	0.7336037654803145
47095	0.9292328755755679
47097	0.44669995733463397
47099	0.958401299030248
47101	0.8627114694747334
47103	0.5212302194796017
47105	0.42650656875231685
47107	0.4344233652021381
47109	0.434959648030129
47111	0.0592475330963923
47113	0.8713853090324308
47115	0.926567389283169
47117	0.783936024904564
47119	0.8985461990278016
47121	0.6916582469875203
47123	0.6985533604799139
47125	0.38294530107608493
47127	0.826410207816998
47129	0.8819807486465034
47131	0.7613834253176428
47133	0.7624162984714105
47135	0.47684188114036496
47137	0.4783160215963561
47139	0.622757615552304
47141	0.8732014461407982
47143	0.3243829814776328
47145	0.6267808085849252
47147	0.8196193740432614
47149	0.7450667731477923
47151	0.03286853158135539
47153	0.3388140436172734
47155	0.6120824610698473
47157	0.20054876195015092
47159	0.2639460140706772
47161	0.42923715956172226
47163	0.9090568136277718
47165	0.12176530162431298
47167	0.27815304944370467
47169	0.8388281211773907
47171	0.3564205787541249
47173	0.7423808321162734
47175	0.3109308044687926
47177	0.3515050191351585
47179	0.9796141566467865
47181	0.22828287621766263
47183	0.5967055953996322
47185	0.036429653470046786
47187	0.9026167312631992
47189	0.10325467973286406
48001	0.7817880181087683
48003	0.6899049412434962
48005	0.70878032284609
48007	0.7238493657371251
48009	0.8969419955271167
48011	0.03849723911942271
48013	0.8686900267978043
48015	0.13384147698652826
48017	0.2120109803503073
48019	0.09635530437920115
48021	0.8851528443555164
48023	0.030457289998793713
48025	0.17906704029436138
48027	0.5745734351466011
48029	0.3489081722955618
48031	0.827155692748232
48033	0.9376239517555844
48035	0.8278131174203591
48037	0.1110510017460129
48039	0.3638729682370828
48041	0.9966365287287872
48043	0.911825534883939
48045	0.6021451067320573
48047	0.0551398784143442
48049	0.6226521212535099
48051	0.43474643688850434
48053	0.6858066249340342
48055	0.9848186561038644
48057	0.3888347189758512
48059	0.6950067468112363
48061	0.9415223303925533
48063	0.1179866458355655
48065	0.096934897477159
48067	0.12778374014166283
48069	0.617080625147363
48071	0.28605160107732275
48073	0.39836964814130216
48075	0.7790340436643431
48077	0.6393349486572472
48079	0.37936594185084305
48081	0.35458089250165525
48083	0.586006418486954
48085	0.2602045722074826
48087	0.21062952520829237
48089	0.4341339512671386
48091	0.7545586024815546
48093	0.6102904452579262
48095	0.7850889723605244
48097	0.3075218218794633
48099	0.6250590465413989
48101	0.2949012368661612
48103	0.19553061606053856
48105	0.8188959101984232
48107	0.11878337757238544
48109	0.12367650444099798
48111	0.1093823334897136
48113	0.9414168115152984
48115	0.3775471397767347
48117	0.8908713516840796
48119	0.3335296645557949
48121	0.22563074500566271
48123	0.14512021634893923
48125	0.7499997994711598
48127	0.2706124516146369
48129	0.2359125531992763
48131	0.9205674904069174
48133	0.9818988160633914
48135	0.15613718044065938
48137	0.6811760881326991
48139	0.9368305748180319
48141	0.1317415141381597
48143	0.054559146806476555
48145	0.6907406021259718
48147	0.6713506866540813
48149	0.8884509625064353
48151	0.8424657050211481
48153	0.4573425003240399
48155	0.5384240817028607
48157	0.6144683360150406
48159	0.40967128971295463
48161	0.5012917079407236
48163	0.8861576610604674
48165	0.6566589348398082
48167	0.4997783690485029
48169	0.7651365180887649
48171	0.37369175583820136
48173	0.5192336054375047
48175	0.819534474255401
48177	0.6027479955582874
48179	0.1129633276654638
48181	0.8727602665520232
48183	0.0931242151474112
48185	0.7060408067351512
48187	0.26023332517524045
48189	0.5179687309453666
48191	0.8464066433144976
48193	0.17962414496778079
48195	0.4450075009441138
48197	0.1693799904767801
48199	0.8911982109671164
48201	0.6520529803926908
48203	0.03934793670079273
48205	0.08304751978546887
48207	0.2386842113157307
48209	0.16960618131882932
48211	0.5202864258228702
48213	0.5564468287953165
48215	0.40455449444268976
48217	0.5558581297886575
48219	0.14311217098108353
48221	0.6322888374919026
48223	0.1555575644594237
48225	0.5972203084455171
48227	0.37964832448839236
48229	0.24921490616007702
48231	0.06590874509741029
48233	0.20117975517462183
48235	0.3401309775777831
48237	0.34115926776431804
48239	0.04099923710591635
48241	0.6799624573276497
48243	0.9753194924503108
48245	0.9427804093272346
48247	0.35613253755176244
48249	0.3187436791593732
48251	0.6469844032700539
48253	0.9873027799999912
48255	0.16736467532035437
48257	0.41449897170792627
48259	0.4102601323686169
48261	0.657527756840713
48263	0.6123576538243596
48265	0.5660926294773831
48267	0.09946565543195252
48269	0.7209449720785902
48271	0.11139893402439327
48273	0.8418773541684169
48275	0.5424293461882903
48277	0.20149399076894225
48279	0.9207564455334216
48281	0.2951116896131488
48283	0.5130187796682185
48285	0.6740486720674121
48287	0.5833298384175545
48289	0.4253371257508952
48291	0.39280485579335744
48293	0.06768102514469798
48295	0.8308352726939143
48297	0.29913439598695835
48299	0.23294137692121908
48301	0.9002955558794715
48303	0.21312835924573514
48305	0.36671529305553163
48307	0.6919508854073939
48309	0.305588616386553
48311	0.18992144515247633
48313	0.48148031809595504
48315	0.18622989190451633
48317	0.5547070417259516
48319	0.09196288770945726
48321	0.7429627219991196
48323	0.975720024473513
48325	0.10020688575665493
48327	0.7689522324321485
48329	0.7947479500298247
48331	0.5811047593573644
48333	0.35930459236723433
48335	0.4624506373976457
48337	0.7782429374281654
48339	0.30439581466102605
48341	0.835392323938817
48343	0.926761578390779
48345	0.8197640913377119
48347	0.10230818162582311
48349	0.3049328540848194
48351	0.654454028288198
48353	0.1905024586484101
48355	0.318724117455503
48357	0.8062667822552653
48359	0.607836857308593
48361	0.5769341086763756
48363	0.6189167318243287
48365	0.25651264845309785
48367	0.7496517554256223
48369	0.2138829008688108
48371	0.6703955548818296
48373	0.14848136483093843
48375	0.5360111481516008
48377	0.6991627090889992
48379	0.4798414613850378
48381	0.8457745277611964
48383	0.7944790992777756
48385	0.09054983381824588
48387	0.35869481421873195
48389	0.8840096020487068
48391	0.24408673029522798
48393	0.43059433805538916
48395	0.14796220525032233
48397	0.44787171611186083
48399	0.3849077928179251
48401	0.24286031168738464
48403	0.018761476460666837
48405	0.4260899538726608
48407	0.573135749763385
48409	0.9837711565726039
48411	0.14279594827155195
48413	0.7661064779932307
48415	0.5764776460846998
48417	0.4487652559977193
48419	0.5234729654758287
48421	0.21750713958289214
48423	0.2791780815048306
48425	0.6693816412722713
48427	0.7171101703512759
48429	0.7946266423577343
48431	0.08792268432572492
48433	0.32115193851385804
48435	0.3333819660133973
48437	0.735393716063514
48439	0.11280621429958937
48441	0.052630295272475536
48443	0.6428473964333012
48445	0.7398237593857071
48447	0.5913715512094512
48449	0.24703451795795262
48451	0.5469825883442205
48453	0.9373180503283087
48455	0.843856377964715
48457	0.2862073172542463
48459	0.13827461476363312
48461	0.4927176258998689
48463	0.23606879837046224
48465	0.10997306085498137
48467	0.3111606283906423
48469	0.24168381115929216
48471	0.1918059434926478
48473	0.7525061488464253
48475	0.24295208441866856
48477	0.44336925985194
48479	0.7544365134350928
48481	0.40472931391250233
48483	0.7983004729857033
48485	0.2647588522898694
48487	0.7445831183141494
48489	0.9005050274497319
48491	0.32807783603275387
48493	0.700709852817806
48495	0.6571446970254938
48497	0.3703583135366483
48499	0.33208470150277825
48501	0.5792784662802154
48503	0.9115875583649355
48505	0.8697783459025532
48507	0.41013741093831035
49001	0.7086565672468074
49003	0.36616637739481084
49005	0.5161406411910214
49007	0.23859394282176916
49009	0.053420238538592346
49011	0.5222253337063548
49013	0.7436060731610699
49015	0.38342114824864326
49017	0.7167374486506851
49019	0.34639028493046475
49021	0.9762464644801734
49023	0.005162547199216827
49025	0.7367851838288612
49027	0.3435075437144488
49029	0.42560318136627673
49031	0.4523963629550777
49033	0.9595317203078261
49035	0.5858761060386456
49037	0.9970012863903642
49039	0.7758193247248878
49041	0.3280950057336066
49043	0.9692453501406528
49045	0.3896929769604567
49047	0.0658951635551086
49049	0.1513291508225617
49051	0.5852998620586006
49053	0.5991941150497547
49055	0.051201766818588235
49057	0.08932407644542184
50001	0.03376683191361729
50003	0.31141222278692915
50005	0.36752008075183284
50007	0.4412747576387661
50009	0.07679313574560886
50011	0.6506778343629832
50013	0.9052442799225192
50015	0.8521989606893301
50017	0.37117750794479565
50019	0.1765251100640972
50021	0.09721774665391214
50023	0.547278004342997
50025	0.3373826698456246
50027	0.7031144300206642
51001	0.41086497546452583
51003	0.8806915494997618
51005	0.7836314629071193
51007	0.16623143507790716
51009	0.010021810820376342
51011	0.36885841546262044
51013	0.5004604748948971
51015	0.5785777003095903
51017	0.6617744157020323
51019	0.5493647487864174
51021	0.44962548688283177
51023	0.2039062054923193
51025	0.38452724636880387
51027	0.8394529858088509
51029	0.8722726654134273
51031	0.39361582195932265
51033	0.4572492781231682
51035	0.781808028171073
51036	0.8958341861058163
51037	0.2558322637657994
51041	0.8402160632431551
51043	0.7239305695033615
51045	0.07476911249973273
51047	0.2595567245102899
51049	0.7625042049469405
51051	0.020456135306997303
51053	0.8195799136066904
51057	0.3657948213078678
51059	0.21045904537394167
51061	0.3018228832717711
51063	0.16979903465514357
51065	0.024266248083210207
51067	0.42671060376495507
51069	0.08940683884268175
51071	0.5049938730441427
51073	0.001018224641625376
51075	0.007608681318724275
51077	0.44880340781999095
51079	0.15509117420302376
51081	0.36582186546848827
51083	0.35729746751357616
51085	0.5520876094180556
51087	0.4317968870170332
51089	0.1808746855208302
51091	0.4536281054636364
51093	0.027953288328445014
51095	0.0889843654396778
51097	0.7654591199341774
51099	0.9864218944418953
51101	0.6097888303616708
51103	0.7411066284844254
51105	0.9791363967912543
51107	0.1103962628492785
51109	0.616850035769433
51111	0.41256771110901835
51113	0.5949511735922323
51115	0.054602522099309825
51117	0.10727401648258295
51119	0.5442684367253231
51121	0.9410994130450265
51125	0.6401084709674717
51127	0.4791922360801051
51131	0.8764899400330577
51133	0.6166005546116377
51135	0.8327989899176698
51137	0.8504694576086593
51139	0.4632243400484809
51141	0.562992363363252
51143	0.19250602160037322
51145	0.42716798798373823
51147	0.45584368289700294
51149	0.5358736904071579
51153	0.47958747527677803
51155	0.00925372172245742
51157	0.5892433376219781
51159	0.5780378295932322
51161	0.10800641661534127
51163	0.9107670449934822
51165	0.3921504016334376
51167	0.661497282970036
51169	0.7242869857329496
51171	0.7046278832622667
51173	0.9310935087233609
51175	0.34566496323707796
51177	0.8074723642483458
51179	0.20471301226318706
51181	0.21526872154731003
51183	0.43201417178410506
51185	0.7359719562593313
51187	0.5773869674177564
51191	0.6951945134864584
51193	0.8211488635033695
51195	0.05864874091633465
51197	0.8056237969809857
51199	0.21813012483699667
51510	0.4944033717872728
51515	0.635235168008133
51520	0.6832764865563288
51530	0.5585362428591155
51540	0.2970435224114857
51550	0.05870302016528883
51570	0.04302674214796376
51580	0.7819092921899171
51590	0.8324967947770819
51595	0.2184705350349304
51600	0.6782121970774481
51610	0.5463984279208632
51620	0.6161098648565053
51630	0.03552501863608304
51640	0.7579183530532132
51650	0.9959736186168654
51660	0.5767402745610217
51670	0.19764172253552204
51678	0.8514068896409132
51680	0.33103799745715934
51683	0.695497391435234
51685	0.7199513405706082
51690	0.3891422319553137
51700	0.012610295153313134
51710	0.7662374313764662
51720	0.7021380023263829
51730	0.5715329383895812
51735	0.5973893853969163
51740	0.1835122128634762
51750	0.2230646170086693
51760	0.3694759645278394
51770	0.30711666073230437
51775	0.4577334204211033
51790	0.3909663495668646
51800	0.103406435721348
51810	0.5544593878238533
51820	0.7146818649977391
51830	0.43979914493907435
51840	0.3590091720411567
53001	0.4363027292977345
53003	0.12083649439136213
53005	0.782807009830706
53007	0.44028033156334245
53009	0.9690445478297688
53011	0.8813215495543223
53013	0.6054028147427802
53015	0.04871195197743927
53017	0.5557218834013191
53019	0.2501445475551881
53021	0.45824510091760173
53023	0.9882760763933403
53025	0.45418335650680874
53027	0.4768182232693855
53029	0.3357885254682368
53031	0.6635864102754867
53033	0.21645865607931758
53035	0.938134134047006
53037	0.9568860108531804
53039	0.3818056470558501
53041	0.8287486573701308
53043	0.06949407237224936
53045	0.08068232335300352
53047	0.39692304039539184
53049	0.48204553546476203
53051	0.6845835246812815
53053	0.5073844992990133
53055	0.5068455617768163
53057	0.5119191549836802
53059	0.717061080936877
53061	0.26963695760206907
53063	0.8238223299467485
53065	0.6866191313275911
53067	0.4899168641897431
53069	0.9826787910779239
53071	0.8325870274990693
53073	0.8472272614513181
53075	0.1585089831209766
53077	0.7564379539026941
54001	0.7992249751829944
54003	0.4005413420220356
54005	0.1871882110471368
54007	0.9499278799192322
54009	0.46511448463218585
54011	0.9645643606153792
54013	0.41683474633302975
54015	0.7676740484701072
54017	0.920310640571895
54019	0.4918265109723531
54021	0.9650939134831686
54023	0.9397950420943078
54025	0.4671711298644101
54027	0.7444677860629186
54029	0.18226918309855922
54031	0.7181701949370706
54033	0.0971656732131555
54035	0.5303870458942651
54037	0.3097142107673805
54039	0.6627462611021288
54041	0.009847774923459451
54043	0.44133159730652205
54045	0.9231603065722445
54047	0.8226246155263147
54049	0.5155977140335904
54051	0.5199950559140883
54053	0.42834509757410766
54055	0.23292246470801858
54057	0.3385816862674208
54059	0.9033337544593913
54061	0.5526489041696008
54063	0.31434491939217524
54065	0.7955840601535974
54067	0.5336776330036131
54069	0.40961447700459874
54071	0.5260693327373542
54073	0.362900768370899
54075	0.666759393090167
54077	0.05546572976486752
54079	0.005313442006680935
54081	0.7789411491566165
54083	0.01523352489199814
54085	0.26343171077051164
54087	0.2501712455686703
54089	0.26282988481763336
54091	0.3448124437980702
54093	0.6236007606739348
54095	0.47570947809284225
54097	0.12351121214611238
54099	0.6786646318339199
54101	0.05107333766407496
54103	0.5564853501957114
54105	0.7582961706314905
54107	0.019588946602018376
54109	0.5153741943846634
55001	0.7545845006214593
55003	0.25553679047605526
55005	0.797850651256988
55007	0.17745440757310305
55009	0.27373681750382806
55011	0.257831039098975
55013	0.9961516435403782
55015	0.9438306458012579
55017	0.5870561712128967
55019	0.5484021099649563
55021	0.5852125937531089
55023	0.7078644080964236
55025	0.4779501555855077
55027	0.9076993752996467
55029	0.49322215648004164
55031	0.3285856493588588
55033	0.17955059058501266
55035	0.6550510737373955
55037	0.12775790330229275
55039	0.5149975454987666
55041	0.9059857767021399
55043	0.16601702237648608
55045	0.4306364266504409
55047	0.5213571370931676
55049	0.11704856553742071
55051	0.28211200162510186
55053	0.8205635061465992
55055	0.23979754479268123
55057	0.9399752106729943
55059	0.9449263233366363
55061	0.9045017761129386
55063	0.9650597828878745
55065	0.4639752633048929
55067	0.631999159662121
55069	0.1534555742163355
55071	0.6601431965538025
55073	0.1760907403735702
55075	0.9340192382278738
55077	0.3825270430988048
55078	0.33624771999712766
55079	0.49958332720594567
55081	0.261509472078412
55083	0.8534991656759322
55085	0.829146428749035
55087	0.4579506424773918
55089	0.3362589034592458
55091	0.5437794868286806
55093	0.43732550462307307
55095	0.02603247632079142
55097	0.5940693801492778
55099	0.03302927491959373
55101	0.6849975079476738
55103	0.16255783019562142
55105	0.07737831553319696
55107	0.8711859914742113
55109	0.08517105703714223
55111	0.09952813609415623
55113	0.5538122145375546
55115	0.9327403981252141
55117	0.4193871257487024
55119	0.04407320893621114
55121	0.4661455881043357
55123	0.9060583899665727
55125	0.9791772272269853
55127	0.8330406910999151
55129	0.7711902581537117
55131	0.7739441507666031
55133	0.045517355829088224
55135	0.6747102029921115
55137	0.6629676208011074
55139	0.48876007544021516
55141	0.040592216197148256
56001	0.011584804054663889
56003	0.2125989242851194
56005	0.3267163714205259
56007	0.7436034241989319
56009	0.6195116445475072
56011	0.6012094501794658
56013	0.9361177513041072
56015	0.18450724256097917
56017	0.6433213880185908
56019	0.27489299475706985
56021	0.4725247305470328
56023	0.06751241691367349
56025	0.800417460808474
56027	0.6803831613802797
56029	0.5793932341811143
56031	0.13471318270622779
56033	0.8149106660970759
56035	0.3565656310942721
56037	0.9483148011696496
56039	0.1280608166978705
56041	0.6602762903711422
56043	0.38000631340867586
56045	0.6867780306081885
60010	0.6881200178511834
60020	0.16596751552527078
60030	0.9990461065033505
60040	0.1190517666090335
60050	0.27812479338912777
66010	0.004482261722194902
69085	0.27831949778641807
69100	0.6908196696580287
69110	0.42817623557763584
69120	0.9071946235991676
72001	0.48037387475704485
72003	0.48158347481221353
72005	0.5101024651186884
72007	0.19402900084059138
72009	0.13514310152815645
72011	0.09466220276657067
72013	0.6067411226528137
72015	0.12069943930890437
72017	0.55314682227162
72019	0.7748071187861656
72021	0.23883675690189388
72023	0.42829385577533985
72025	0.5817937529004678
72027	0.37065058949684926
72029	0.34291282086576647
72031	0.6169717650969412
72033	0.6632043161802612
72035	0.9815879445119409
72037	0.6017264113010502
72039	0.13111692116456608
72041	0.317021386355929
72043	0.6730222201154246
72045	0.3351647115919064
72047	0.3358469144657217
72049	0.5928811425502778
72051	0.8667193850577428
72053	0.17878463453814397
72054	0.9590328836190701
72055	0.3610516611008028
72057	0.9661892062478173
72059	0.4539363328255235
72061	0.1435910883167738
72063	0.562733488463719
72065	0.4404307672609442
72067	0.06921288869080722
72069	0.2798056772673322
72071	0.33791254780785807
72073	0.33897846099833684
72075	0.12154378959823298
72077	0.9142665900124198
72079	0.2799599882033329
72081	0.6590791494949528
72083	0.57346914798625
72085	0.6160764333433343
72087	0.9676992562167562
72089	0.5768505078496758
72091	0.9172856465027996
72093	0.008966220059798191
72095	0.27714735813754043
72097	0.6927405945522295
72099	0.42706081053689726
72101	0.5019062568155644
72103	0.5335904168352971
72105	0.1334325336491886
72107	0.7567333309322781
72109	0.4530264957339848
72111	0.25989892606454557
72113	0.27842488085989514
72115	0.5294187861578326
72117	0.9512301395734217
72119	0.5157162536071115
72121	0.8168664346431047
72123	0.39168698217892217
72125	0.7472307401912462
72127	0.5765212203266434
72129	0.8812203951484214
72131	0.7808854542708457
72133	0.6230678562208669
72135	0.8927807868880085
72137	0.5644532505238471
72139	0.9160650348649796
72141	0.973098720185741
72143	0.2905663457668046
72145	0.08662806407199353
72147	0.7956228007218628
72149	0.09797687475683381
72151	0.8057115177046096
72153	0.7016364515535085
74300	0.6688016578983347
78010	0.07970649617558045
78020	0.7275330116894912
78030	0.6358933956839349
